"--large-name13--","scannerOpenTs_call(ByteBuffer,ByteBuffer,List<ByteBuffer>,long,org.apache.thrift.async.AsyncMethodCallback<scannerOpenTs_call>,org.apache.thrift.async.TAsyncClient,org.apache.thrift.protocol.TProtocolFactory,org.apache.thrift.transport.TNonblockingTransport)"
"--large-name1--","atomicIncrement_call(ByteBuffer,ByteBuffer,ByteBuffer,long,org.apache.thrift.async.AsyncMethodCallback<atomicIncrement_call>,org.apache.thrift.async.TAsyncClient,org.apache.thrift.protocol.TProtocolFactory,org.apache.thrift.transport.TNonblockingTransport)"
"--large-name22--","ConstructorClass(String,Object,Byte,Short,Integer,Long,Float,Double,Boolean,Character,String[],Object[],Byte[],Short[],Integer[],Long[],Float[],Double[],Boolean[],Character[],String[][],Object[][],Byte[][],Short[][],Integer[][],Long[][],Float[][],Double[][],Boolean[][],Character[][])"
"--large-name16--","scannerOpenWithStop_call(ByteBuffer,ByteBuffer,ByteBuffer,List<ByteBuffer>,org.apache.thrift.async.AsyncMethodCallback<scannerOpenWithStop_call>,org.apache.thrift.async.TAsyncClient,org.apache.thrift.protocol.TProtocolFactory,org.apache.thrift.transport.TNonblockingTransport)"
"--large-name12--","mutateRowsTs_call(ByteBuffer,List<BatchMutation>,long,org.apache.thrift.async.AsyncMethodCallback<mutateRowsTs_call>,org.apache.thrift.async.TAsyncClient,org.apache.thrift.protocol.TProtocolFactory,org.apache.thrift.transport.TNonblockingTransport)"
"--large-name14--","scannerOpenWithPrefix_call(ByteBuffer,ByteBuffer,List<ByteBuffer>,org.apache.thrift.async.AsyncMethodCallback<scannerOpenWithPrefix_call>,org.apache.thrift.async.TAsyncClient,org.apache.thrift.protocol.TProtocolFactory,org.apache.thrift.transport.TNonblockingTransport)"
"--large-name9--","getVerTs_call(ByteBuffer,ByteBuffer,ByteBuffer,long,int,org.apache.thrift.async.AsyncMethodCallback<getVerTs_call>,org.apache.thrift.async.TAsyncClient,org.apache.thrift.protocol.TProtocolFactory,org.apache.thrift.transport.TNonblockingTransport)"
"--large-name7--","getRowsWithColumnsTs_call(ByteBuffer,List<ByteBuffer>,List<ByteBuffer>,long,org.apache.thrift.async.AsyncMethodCallback<getRowsWithColumnsTs_call>,org.apache.thrift.async.TAsyncClient,org.apache.thrift.protocol.TProtocolFactory,org.apache.thrift.transport.TNonblockingTransport)"
"--large-name11--","mutateRow_call(ByteBuffer,ByteBuffer,List<Mutation>,org.apache.thrift.async.AsyncMethodCallback<mutateRow_call>,org.apache.thrift.async.TAsyncClient,org.apache.thrift.protocol.TProtocolFactory,org.apache.thrift.transport.TNonblockingTransport)"
"--large-name8--","getRowsWithColumns_call(ByteBuffer,List<ByteBuffer>,List<ByteBuffer>,org.apache.thrift.async.AsyncMethodCallback<getRowsWithColumns_call>,org.apache.thrift.async.TAsyncClient,org.apache.thrift.protocol.TProtocolFactory,org.apache.thrift.transport.TNonblockingTransport)"
"--large-name2--","createTable_call(ByteBuffer,List<ColumnDescriptor>,org.apache.thrift.async.AsyncMethodCallback<createTable_call>,org.apache.thrift.async.TAsyncClient,org.apache.thrift.protocol.TProtocolFactory,org.apache.thrift.transport.TNonblockingTransport)"
"--large-name3--","deleteAllRowTs_call(ByteBuffer,ByteBuffer,long,org.apache.thrift.async.AsyncMethodCallback<deleteAllRowTs_call>,org.apache.thrift.async.TAsyncClient,org.apache.thrift.protocol.TProtocolFactory,org.apache.thrift.transport.TNonblockingTransport)"
"--large-name15--","scannerOpenWithStopTs_call(ByteBuffer,ByteBuffer,ByteBuffer,List<ByteBuffer>,long,org.apache.thrift.async.AsyncMethodCallback<scannerOpenWithStopTs_call>,org.apache.thrift.async.TAsyncClient,org.apache.thrift.protocol.TProtocolFactory,org.apache.thrift.transport.TNonblockingTransport)"
"--large-name18--","checkAndDelete_call(ByteBuffer,ByteBuffer,ByteBuffer,ByteBuffer,ByteBuffer,TDelete,org.apache.thrift.async.AsyncMethodCallback<checkAndDelete_call>,org.apache.thrift.async.TAsyncClient,org.apache.thrift.protocol.TProtocolFactory,org.apache.thrift.transport.TNonblockingTransport)"
"--large-name10--","mutateRowTs_call(ByteBuffer,ByteBuffer,List<Mutation>,long,org.apache.thrift.async.AsyncMethodCallback<mutateRowTs_call>,org.apache.thrift.async.TAsyncClient,org.apache.thrift.protocol.TProtocolFactory,org.apache.thrift.transport.TNonblockingTransport)"
"--large-name19--","checkAndPut_call(ByteBuffer,ByteBuffer,ByteBuffer,ByteBuffer,ByteBuffer,TPut,org.apache.thrift.async.AsyncMethodCallback<checkAndPut_call>,org.apache.thrift.async.TAsyncClient,org.apache.thrift.protocol.TProtocolFactory,org.apache.thrift.transport.TNonblockingTransport)"
"--large-name20--","deleteMultiple_call(ByteBuffer,List<TDelete>,org.apache.thrift.async.AsyncMethodCallback<deleteMultiple_call>,org.apache.thrift.async.TAsyncClient,org.apache.thrift.protocol.TProtocolFactory,org.apache.thrift.transport.TNonblockingTransport)"
"--large-name4--","deleteAllTs_call(ByteBuffer,ByteBuffer,ByteBuffer,long,org.apache.thrift.async.AsyncMethodCallback<deleteAllTs_call>,org.apache.thrift.async.TAsyncClient,org.apache.thrift.protocol.TProtocolFactory,org.apache.thrift.transport.TNonblockingTransport)"
"--large-name17--","scannerOpen_call(ByteBuffer,ByteBuffer,List<ByteBuffer>,org.apache.thrift.async.AsyncMethodCallback<scannerOpen_call>,org.apache.thrift.async.TAsyncClient,org.apache.thrift.protocol.TProtocolFactory,org.apache.thrift.transport.TNonblockingTransport)"
"--large-name5--","getRowWithColumnsTs_call(ByteBuffer,ByteBuffer,List<ByteBuffer>,long,org.apache.thrift.async.AsyncMethodCallback<getRowWithColumnsTs_call>,org.apache.thrift.async.TAsyncClient,org.apache.thrift.protocol.TProtocolFactory,org.apache.thrift.transport.TNonblockingTransport)"
"--large-name6--","getRowWithColumns_call(ByteBuffer,ByteBuffer,List<ByteBuffer>,org.apache.thrift.async.AsyncMethodCallback<getRowWithColumns_call>,org.apache.thrift.async.TAsyncClient,org.apache.thrift.protocol.TProtocolFactory,org.apache.thrift.transport.TNonblockingTransport)"
"--large-name21--","argObject(String,Object,Byte,Short,Integer,Long,Float,Double,Boolean,Character,String[],Object[],Byte[],Short[],Integer[],Long[],Float[],Double[],Boolean[],Character[],String[][],Object[][],Byte[][],Short[][],Integer[][],Long[][],Float[][],Double[][],Boolean[][],Character[][])"
"--large-name23--","SafeAtomicHelper(AtomicReferenceFieldUpdater<Waiter,Thread>,AtomicReferenceFieldUpdater<Waiter,Waiter>,AtomicReferenceFieldUpdater<AbstractFuture,Waiter>,AtomicReferenceFieldUpdater<AbstractFuture,Listener>,AtomicReferenceFieldUpdater<AbstractFuture,Object>)"